Title,Subtitle,Downloads,Link
Color Images from Mars Rovers,Bob Webster,21818 downloads,/ebooks/12082
Concrete Construction: Methods and Costs,Halbert Powers Gillette and Charles Shattuck Hill,16734 downloads,/ebooks/24855
Practical Mechanics for Boys,James Slough Zerbe,12186 downloads,/ebooks/22298
"The British battle fleet, Vol. 2 (of 2) :  its inception and growth throughout the centuries to the present day",Fred T. Jane,11240 downloads,/ebooks/75617
Mechanical Drawing Self-Taught,Joshua Rose,9925 downloads,/ebooks/23319
The Notebooks of Leonardo Da Vinci — Complete,da Vinci Leonardo,8957 downloads,/ebooks/5000
The Evolution of Naval Armament,Frederick Leslie Robertson,6702 downloads,/ebooks/56777
"Steam, Its Generation and Use",Babcock & Wilcox Company,6263 downloads,/ebooks/22657
"History of the Royal Sappers and Miners, Volume 1 (of 2)",T. W. J. Connolly,5043 downloads,/ebooks/55776
The Palace and Park,"R. G. Latham, F. K. J. Shenton, Samuel Phillips, Edward Forbes, Richard Owen, and George Scharf",4938 downloads,/ebooks/59843
Smithsonian Institution - United States National Museum - Bulletin 240,Museum of History and Technology,4855 downloads,/ebooks/40782
The Progress of Invention in the Nineteenth Century.,Edward W. Byrn,4674 downloads,/ebooks/41538
"De Re Metallica, Translated from the First Latin Edition of 1556",Georg Agricola,4652 downloads,/ebooks/38015
How Two Boys Made Their Own Electrical Apparatus,Thomas M. St. John,4583 downloads,/ebooks/28335
Steam Turbines,Hubert E. Collins,4564 downloads,/ebooks/27687
"A History of Inventions, Discoveries, and Origins, Volume 2 (of 2)",Johann Beckmann,4511 downloads,/ebooks/48152
James Watt,Andrew Carnegie,4410 downloads,/ebooks/26131
Ocean Steam Navigation and the Ocean Post,Thomas Rainey,4405 downloads,/ebooks/25104
John Deere's Steel Plow,Edward C. Kendall,4176 downloads,/ebooks/34562
The Dyeing of Cotton Fabrics: A Practical Handbook for the Dyer and Student,Franklin Beech,4127 downloads,/ebooks/21224
"Mission Furniture: How to Make It, Part 3",H. H. Windsor,3772 downloads,/ebooks/23666
Waterways and Water Transport in Different Countries,J. Stephen Jeans,3723 downloads,/ebooks/56560
Elements of Plumbing,Samuel Edward Dibble,3592 downloads,/ebooks/25269
Steam-ships :  The story of their development to the present day,R. A. Fletcher,3565 downloads,/ebooks/72847
The handbook of soap manufacture,W. H. Simmons and H. A. Appleton,3510 downloads,/ebooks/21724
