Index,Title,Subtitle,Downloads,Link
1-25,Color Images from Mars Rovers,Bob Webster,22508 downloads,/ebooks/12082
1-25,Concrete Construction: Methods and Costs,Halbert Powers Gillette and Charles Shattuck Hill,16631 downloads,/ebooks/24855
1-25,Practical Mechanics for Boys,James Slough Zerbe,12236 downloads,/ebooks/22298
1-25,Mechanical Drawing Self-Taught,Joshua Rose,10660 downloads,/ebooks/23319
1-25,"The British battle fleet, Vol. 2 (of 2) :  its inception and growth throughout the centuries to the present day",Fred T. Jane,10169 downloads,/ebooks/75617
1-25,The Notebooks of Leonardo Da Vinci — Complete,da Vinci Leonardo,9281 downloads,/ebooks/5000
1-25,The Evolution of Naval Armament,Frederick Leslie Robertson,6295 downloads,/ebooks/56777
1-25,"Steam, Its Generation and Use",Babcock & Wilcox Company,6157 downloads,/ebooks/22657
1-25,Steam Turbines,Hubert E. Collins,4926 downloads,/ebooks/27687
1-25,James Watt,Andrew Carnegie,4721 downloads,/ebooks/26131
1-25,"History of the Royal Sappers and Miners, Volume 1 (of 2)",T. W. J. Connolly,4624 downloads,/ebooks/55776
1-25,The Palace and Park,"R. G. Latham, F. K. J. Shenton, Samuel Phillips, Edward Forbes, Richard Owen, and George Scharf",4598 downloads,/ebooks/59843
1-25,Smithsonian Institution - United States National Museum - Bulletin 240,Museum of History and Technology,4467 downloads,/ebooks/40782
1-25,The Dyeing of Cotton Fabrics: A Practical Handbook for the Dyer and Student,Franklin Beech,4448 downloads,/ebooks/21224
1-25,Ocean Steam Navigation and the Ocean Post,Thomas Rainey,4417 downloads,/ebooks/25104
1-25,The Progress of Invention in the Nineteenth Century.,Edward W. Byrn,4416 downloads,/ebooks/41538
1-25,"De Re Metallica, Translated from the First Latin Edition of 1556",Georg Agricola,4410 downloads,/ebooks/38015
1-25,How Two Boys Made Their Own Electrical Apparatus,Thomas M. St. John,4284 downloads,/ebooks/28335
1-25,John Deere's Steel Plow,Edward C. Kendall,4181 downloads,/ebooks/34562
1-25,Elements of Plumbing,Samuel Edward Dibble,4105 downloads,/ebooks/25269
1-25,"A History of Inventions, Discoveries, and Origins, Volume 2 (of 2)",Johann Beckmann,4065 downloads,/ebooks/48152
1-25,"Mission Furniture: How to Make It, Part 3",H. H. Windsor,4001 downloads,/ebooks/23666
1-25,"Mission Furniture: How to Make It, Part 1",H. H. Windsor,3552 downloads,/ebooks/23770
1-25,The handbook of soap manufacture,W. H. Simmons and H. A. Appleton,3519 downloads,/ebooks/21724
1-25,Steam-ships :  The story of their development to the present day,R. A. Fletcher,3425 downloads,/ebooks/72847
26-50,Waterways and Water Transport in Different Countries,J. Stephen Jeans,3410 downloads,/ebooks/56560
26-50,The Online World,Odd De Presno,3341 downloads,/ebooks/80
26-50,How it Works,Archibald Williams,3336 downloads,/ebooks/28553
26-50,Fire prevention and fire extinction,James Braidwood,3242 downloads,/ebooks/26440
26-50,"German Science Reader (German)",Charles Frederick Kroeh,3179 downloads,/ebooks/22627
26-50,Electricity for Boys,James Slough Zerbe,3159 downloads,/ebooks/22766
26-50,The Silicon Jungle,David H. Rothman,3124 downloads,/ebooks/54360
26-50,"History of merchant shipping and ancient commerce, Volume 4 (of 4)",W. S. Lindsay,3111 downloads,/ebooks/74393
26-50,Opportunities in Aviation,Arthur Sweetser and Gordon Lamont,3079 downloads,/ebooks/23581
26-50,"The Life, Times, and Scientific Labours of the Second Marquis of Worcester",Henry Dircks,3022 downloads,/ebooks/51903
26-50,A Newly Discovered System of Electrical Medication,Daniel Clark,3005 downloads,/ebooks/23813
26-50,"L'isthme de Panama (French)",Michel Chevalier,2999 downloads,/ebooks/26515
26-50,Agricultural Implements and Machines in the Collection of the National Museum of History and Technology,John T. Schlebecker,2982 downloads,/ebooks/27327
26-50,James B. Eads,Louis How,2875 downloads,/ebooks/26052
26-50,Lectures in Navigation,Ernest Gallaudet Draper,2721 downloads,/ebooks/27642
26-50,"Encyclopaedia Britannica, 11th Edition, ""Armour Plates"" to ""Arundel, Earls of""",Various,2692 downloads,/ebooks/34162
26-50,Inventions in the century,William H. Doolittle,2687 downloads,/ebooks/36776
26-50,The Condition and Tendencies of Technical Education in Germany,Arthur Henry Chamberlain,2626 downloads,/ebooks/26595
26-50,The history of steam navigation,John Kennedy,2597 downloads,/ebooks/70176
26-50,A History of the Growth of the Steam-Engine,Robert Henry Thurston,2532 downloads,/ebooks/35916
26-50,The Aeroplane Speaks. Fifth Edition,H. Barber,2503 downloads,/ebooks/21791
26-50,Highways and Highway Transportation,George R. Chatburn,2486 downloads,/ebooks/66482
26-50,"The Life of Thomas Telford, Civil Engineer",Samuel Smiles,2471 downloads,/ebooks/939
51-75,"Gas and Oil Engines, Simply Explained",Walter C. Runciman,2462 downloads,/ebooks/27286
51-75,The evolution of the steam locomotive (1803 to 1898),George Augustus Nokes,2436 downloads,/ebooks/73518
51-75,"The Microscope. Its History, Construction, and Application 15th ed.",Jabez Hogg,2423 downloads,/ebooks/61233
51-75,"Inventors at Work, with Chapters on Discovery",George Iles,2374 downloads,/ebooks/48454
51-75,"Transactions of the American Society of Civil Engineers, vol. LXXII, June, 1911",E. D. Hardy and American Society of Civil Engineers,2352 downloads,/ebooks/27632
51-75,Discoveries and Inventions of the Nineteenth Century,Robert Routledge,2347 downloads,/ebooks/54475
51-75,"The engineer's sketch-book of mechanical movements, devices, appliances, contrivances and details employed in the design and construction of machinery for every purpose :  classified & arranged for reference for the use of engineers, mechanical draughtsmen, managers, mechanics, inventors, patent agents, and all engaged in the mechanical arts",Thomas Walter Barber,2342 downloads,/ebooks/58391
51-75,Edison: His Life and Inventions,Frank Lewis Dyer and Thomas Commerford Martin,2333 downloads,/ebooks/820
51-75,Rambles on Railways,Sir Cusack P. Roney,2314 downloads,/ebooks/49061
51-75,Aviation in Peace and War,Sir Frederick Hugh Sykes,2307 downloads,/ebooks/25244
51-75,Modern ships of war,Sir Edward J. Reed and Edward Simpson,2162 downloads,/ebooks/73887
51-75,The Invention of Printing.,Theodore Low De Vinne,2158 downloads,/ebooks/51034
51-75,"Encyclopaedia Britannica, 11th Edition, ""Destructors"" to ""Diameter""",Various,2134 downloads,/ebooks/30073
51-75,"Scientific American, Volume 56, No. 9, February 26, 1887",Various,2128 downloads,/ebooks/48300
51-75,"The life of Isambard Kingdom Brunel, Civil Engineer",Isambard Brunel,2127 downloads,/ebooks/41210
51-75,Panama and the Canal in Picture and Prose,Willis J. Abbot,2051 downloads,/ebooks/64476
51-75,Learning to Fly: A Practical Manual for Beginners,Claude Grahame-White and Harry Harper,2047 downloads,/ebooks/27557
51-75,Lives of Boulton and Watt. Principally from the Original Soho Mss.,Samuel Smiles,2046 downloads,/ebooks/52069
51-75,Garden Cities of To-Morrow,Sir Ebenezer Howard,2044 downloads,/ebooks/46134
51-75,My Life and Work,Henry Ford and Samuel Crowther,2017 downloads,/ebooks/7213
51-75,Carriages & Coaches: Their History & Their Evolution,Ralph Straus,2013 downloads,/ebooks/46216
51-75,"The inventions, researches and writings of Nikola Tesla",Thomas Commerford Martin,1995 downloads,/ebooks/39272
51-75,English and American tool builders,Joseph Wickham Roe,1987 downloads,/ebooks/72046
51-75,"The Rare Earths: Their Occurrence, Chemistry, and Technology",Stanley Isaac Levy,1964 downloads,/ebooks/62923
76-100,Terrestrial and Celestial Globes Volume 2,Edward Luther Stevenson,1955 downloads,/ebooks/39867
76-100,Catechism of the locomotive,Matthias N. Forney and Georg Kosak,1939 downloads,/ebooks/76379
76-100,"The Rise of Rail-Power in War and Conquest, 1833-1914",Edwin A. Pratt,1931 downloads,/ebooks/42438
76-100,The Life of George Stephenson and of his Son Robert Stephenson,Samuel Smiles,1930 downloads,/ebooks/46229
76-100,Steamships and their story,E. Keble Chatterton,1904 downloads,/ebooks/72045
76-100,Aircraft and Submarines,Willis J. Abbot,1893 downloads,/ebooks/30047
76-100,"Gunpowder and Ammunition, Their Origin and Progress",H. W. L. Hime,1873 downloads,/ebooks/54411
76-100,Woodworking Tools 1600-1900,Peter C. Welsh,1872 downloads,/ebooks/27238
76-100,The Panama Canal,Frederic J. Haskin,1854 downloads,/ebooks/41807
76-100,Aërial Navigation,Albert Francis Zahm,1843 downloads,/ebooks/60277
76-100,Aviation Engines: Design—Construction—Operation and Repair,Victor Wilfred Pagé,1839 downloads,/ebooks/38187
76-100,Soap-Making Manual,Edgar George Thomssen,1826 downloads,/ebooks/34114
76-100,"Cyclopedia of Telephony and Telegraphy, Vol. 1",American School of Correspondence,1798 downloads,/ebooks/15617
76-100,Passages from the Life of a Philosopher,Charles Babbage,1784 downloads,/ebooks/57532
76-100,Twentieth Century Inventions: A Forecast,George Sutherland,1770 downloads,/ebooks/31243
76-100,Lives of the Engineers,Samuel Smiles,1769 downloads,/ebooks/27710
76-100,The Manufacture of Paper,R. W. Sindall,1738 downloads,/ebooks/46449
76-100,"History of the Royal Sappers and Miners, Volume 2 (of 2)",T. W. J. Connolly,1724 downloads,/ebooks/59260
76-100,The American Printer: A Manual of Typography,Thomas MacKellar,1695 downloads,/ebooks/56817
76-100,The Modern Railroad,Edward Hungerford,1672 downloads,/ebooks/40242
76-100,The Pencil of Nature,William Henry Fox Talbot,1655 downloads,/ebooks/33447
76-100,Flying Machines: Construction and Operation,"William J. Jackman, Thomas Herbert Russell, and Octave Chanute",1646 downloads,/ebooks/907
76-100,"Life of Richard Trevithick, with an Account of His Inventions. Volume 2 (of 2)",Francis Trevithick,1619 downloads,/ebooks/46634
101-125,"Encyclopaedia Britannica, 11th Edition, ""Joints"" to ""Justinian I.""",Various,1605 downloads,/ebooks/40956
101-125,The Steam Engine Explained and Illustrated (Seventh Edition),Dionysius Lardner,1591 downloads,/ebooks/42602
101-125,"Tube, Train, Tram, and Car; or, Up-to-date locomotion",Arthur H. Beavan,1587 downloads,/ebooks/55793
101-125,The Boy Electrician,Alfred Powell Morgan,1576 downloads,/ebooks/63207
101-125,"The works of the highly experienced and famous chymist, John Rudolph Glauber :  containing, great variety of choice secrets in medicine and alchymy in the working of metallick mines, and the separation of metals: also, various cheap and easie ways of making salt-petre, and improving of barren-land, and the fruits of the earth.",Johann Rudolf Glauber,1570 downloads,/ebooks/74240
101-125,Early American Scientific Instruments and Their Makers,Silvio A. Bedini,1565 downloads,/ebooks/39141
101-125,The automobile owner's guide,Frank B. Scholl,1565 downloads,/ebooks/69375
101-125,The Automobile Storage Battery: Its Care And Repair,Otto A. Witte,1560 downloads,/ebooks/29718
101-125,Makers of Many Things,Eva March Tappan,1555 downloads,/ebooks/28569
101-125,The Municipal and Sanitary Engineer's Handbook,H. Percy Boulnois,1551 downloads,/ebooks/55935
101-125,"Textiles, for Commercial, Industrial, and Domestic Arts Schools",William H. Dooley,1529 downloads,/ebooks/24077
101-125,Artificial Light: Its Influence upon Civilization,Matthew Luckiesh,1525 downloads,/ebooks/17625
101-125,Ocean Steamships,"J. D. Jerrold Kelley, French Ensor Chadwick, John H. Gould, Ridgely Hunt, William H. Rideing, and A. E. Seaton",1515 downloads,/ebooks/54136
101-125,The Project Gutenberg RST Manual,Marcello Perathoner,1510 downloads,/ebooks/181
101-125,Aircraft :  its development in war and peace and its commercial future,Evan John David,1509 downloads,/ebooks/74358
101-125,Philipp Reis: Inventor of the Telephone,Silvanus P. Thompson,1495 downloads,/ebooks/56542
101-125,"The Story of the Typewriter, 1873-1923",Herkimer County Historical Society,1490 downloads,/ebooks/60794
101-125,Lightships and Lighthouses,Frederick Arthur Ambrose Talbot,1485 downloads,/ebooks/52817
101-125,The Invention of the Sewing Machine,Grace Rogers Cooper,1475 downloads,/ebooks/32677
101-125,"Giant brains; or, Machines that think",Edmund Callis Berkeley,1466 downloads,/ebooks/68991
101-125,The Modern Bicycle and Its Accessories,Alex Schwalbach and Julius Wilcox,1465 downloads,/ebooks/58444
101-125,The Standard Electrical Dictionary,T. O'Conor Sloane,1464 downloads,/ebooks/26535
101-125,"Pumps and Hydraulics, Part 1 (of 2)",N. Hawkins,1459 downloads,/ebooks/56339
